{
"lengthUnit": "mil",
"remark": [],
"components": {
	"fields": ["COMPONENT_NO", "COMPONENT_NAME", "LAYER", "X_COORDINATE", "Y_COORDINATE", "ANGLE"],
	"rows": [
		[1, "C1", "T", 835, -340, 0],
		[2, "C2", "T", 730, -340, 180],
		[3, "H1", "T", 550, -650, 0],
		[4, "H2", "T", 550, -50, 0],
		[5, "R1", "T", 595, -315, 0],
		[6, "R2", "T", 595, -250, 0],
		[7, "R3", "T", 750, -500, 90],
		[8, "R4", "T", 850, -500, 90],
		[9, "RST", "T", 1010, -235, 270],
		[10, "SW0", "T", 1010, -465, 90],
		[11, "U1", "T", 750, -230, 0],
		[12, "U2", "T", 365, -345, 90],
		[13, "U3", "T", 515, -155, 0],
		[14, "X1", "T", 575, -470, 90],
		[15, "PAD1", "T", 856.46, -340, 0],
		[16, "PAD2", "T", 813.54, -340, 0],
		[17, "PAD3", "T", 708.54, -340, 0],
		[18, "PAD4", "T", 751.46, -340, 0],
		[19, "PAD5", "T", 50, -650, 0],
		[20, "PAD5", "B", 50, -650, 0],
		[21, "PAD6", "T", 150, -650, 0],
		[22, "PAD6", "B", 150, -650, 0],
		[23, "PAD7", "T", 250, -650, 0],
		[24, "PAD7", "B", 250, -650, 0],
		[25, "PAD8", "T", 350, -650, 0],
		[26, "PAD8", "B", 350, -650, 0],
		[27, "PAD9", "T", 550, -650, 0],
		[28, "PAD9", "B", 550, -650, 0],
		[29, "PAD10", "T", 650, -650, 0],
		[30, "PAD10", "B", 650, -650, 0],
		[31, "PAD11", "T", 750, -650, 0],
		[32, "PAD11", "B", 750, -650, 0],
		[33, "PAD12", "T", 850, -650, 0],
		[34, "PAD12", "B", 850, -650, 0],
		[35, "PAD13", "T", 950, -650, 0],
		[36, "PAD13", "B", 950, -650, 0],
		[37, "PAD14", "T", 700.315, -200.47, 0],
		[38, "PAD15", "T", 700.315, -220.16, 0],
		[39, "PAD16", "T", 700.315, -239.84, 0],
		[40, "PAD17", "T", 700.315, -259.53, 0],
		[41, "PAD18", "T", 730.315, -269.86, 0],
		[42, "PAD19", "T", 749.995, -269.86, 0],
		[43, "PAD20", "T", 799.685, -259.53, 0],
		[44, "PAD21", "T", 799.685, -239.84, 0],
		[45, "PAD22", "T", 799.685, -220.16, 0],
		[46, "PAD23", "T", 799.685, -200.47, 0],
		[47, "PAD24", "T", 769.685, -190.14, 0],
		[48, "PAD25", "T", 749.995, -190.14, 0],
		[49, "PAD26", "T", 730.315, -190.14, 0],
		[50, "PAD27", "T", 543.5, -513.31, 0],
		[51, "PAD28", "T", 543.5, -426.69, 0],
		[52, "PAD29", "T", 606.5, -513.31, 0],
		[53, "PAD30", "T", 606.5, -426.69, 0],
		[54, "PAD31", "T", 50, -50, 0],
		[55, "PAD31", "B", 50, -50, 0],
		[56, "PAD32", "T", 250, -50, 0],
		[57, "PAD32", "B", 250, -50, 0],
		[58, "PAD33", "T", 350, -50, 0],
		[59, "PAD33", "B", 350, -50, 0],
		[60, "PAD34", "T", 550, -50, 0],
		[61, "PAD34", "B", 550, -50, 0],
		[62, "PAD35", "T", 1010, -148.98, 0],
		[63, "PAD36", "T", 1010, -321.02, 0],
		[64, "PAD37", "T", 1010, -551.02, 0],
		[65, "PAD38", "T", 1010, -378.98, 0],
		[66, "PAD39", "T", 421.1, -374.53, 0],
		[67, "PAD40", "T", 421.1, -433.58, 0],
		[68, "PAD41", "T", 308.9, -488.7, 0],
		[69, "PAD42", "T", 395.51, -488.7, 0],
		[70, "PAD43", "T", 395.51, -201.3, 0],
		[71, "PAD44", "T", 308.9, -201.3, 0],
		[72, "PAD45", "T", 466.5737, -155, 0],
		[73, "PAD46", "T", 588.6231, -155, 0],
		[74, "PAD47", "T", 612.04, -315, 0],
		[75, "PAD48", "T", 577.96, -315, 0],
		[76, "PAD49", "T", 612.04, -250, 0],
		[77, "PAD50", "T", 577.96, -250, 0],
		[78, "PAD51", "T", 750, -482.96, 0],
		[79, "PAD52", "T", 750, -517.04, 0],
		[80, "PAD53", "T", 850, -482.96, 0],
		[81, "PAD54", "T", 850, -517.04, 0]
	]
},
"pins": {
	"fields": ["PIN_NO", "PIN_NAME", "PIN_X", "PIN_Y", "LAYER", "PIN_TYPE", "NET_NAME", "NET_TYPE", "PAD_SHAPE", "PAD_SIZEX", "PAD_SIZEY", "HOLE_SIZE", "HOLE_LEN", "PAD_ANGLE"],
	"rows": [
		[1, "C1_1", 813.54, -340, "T", "SMD", "GND", "GND", "R", 31.106, 21.26, 0, 0, 0],
		[2, "C1_2", 856.46, -340, "T", "SMD", "VCC", "", "R", 31.106, 21.26, 0, 0, 0],
		[3, "C2_1", 751.46, -340, "T", "SMD", "GND", "GND", "R", 31.106, 21.26, 0, 0, 180],
		[4, "C2_2", 708.54, -340, "T", "SMD", "VCC", "", "R", 31.106, 21.26, 0, 0, 180],
		[5, "H1_1", 50, -650, "T", "DIP", "B-_MCU", "", "R", 62.992, 62.992, 41.338, 41.338, 0],
		[6, "H1_1", 50, -650, "B", "DIP", "B-_MCU", "", "R", 62.992, 62.992, 41.338, 41.338, 0],
		[7, "H1_2", 150, -650, "T", "DIP", "SDA", "", "C", 62.992, 62.992, 41.338, 41.338, 0],
		[8, "H1_2", 150, -650, "B", "DIP", "SDA", "", "C", 62.992, 62.992, 41.338, 41.338, 0],
		[9, "H1_3", 250, -650, "T", "DIP", "SCL", "", "C", 62.992, 62.992, 41.338, 41.338, 0],
		[10, "H1_3", 250, -650, "B", "DIP", "SCL", "", "C", 62.992, 62.992, 41.338, 41.338, 0],
		[11, "H1_4", 350, -650, "T", "DIP", "GND", "GND", "C", 62.992, 62.992, 41.338, 41.338, 0],
		[12, "H1_4", 350, -650, "B", "DIP", "GND", "GND", "C", 62.992, 62.992, 41.338, 41.338, 0],
		[13, "H1_5", 450, -650, "T", "DIP", "NET_1", "", "C", 62.992, 62.992, 41.338, 41.338, 0],
		[14, "H1_5", 450, -650, "B", "DIP", "NET_1", "", "C", 62.992, 62.992, 41.338, 41.338, 0],
		[15, "H1_6", 550, -650, "T", "DIP", "INT1", "", "C", 62.992, 62.992, 41.338, 41.338, 0],
		[16, "H1_6", 550, -650, "B", "DIP", "INT1", "", "C", 62.992, 62.992, 41.338, 41.338, 0],
		[17, "H1_7", 650, -650, "T", "DIP", "CLK_EN", "", "C", 62.992, 62.992, 41.338, 41.338, 0],
		[18, "H1_7", 650, -650, "B", "DIP", "CLK_EN", "", "C", 62.992, 62.992, 41.338, 41.338, 0],
		[19, "H1_8", 750, -650, "T", "DIP", "CSB", "", "C", 62.992, 62.992, 41.338, 41.338, 0],
		[20, "H1_8", 750, -650, "B", "DIP", "CSB", "", "C", 62.992, 62.992, 41.338, 41.338, 0],
		[21, "H1_9", 850, -650, "T", "DIP", "SDO", "", "C", 62.992, 62.992, 41.338, 41.338, 0],
		[22, "H1_9", 850, -650, "B", "DIP", "SDO", "", "C", 62.992, 62.992, 41.338, 41.338, 0],
		[23, "H1_10", 950, -650, "T", "DIP", "SW0", "", "C", 62.992, 62.992, 41.338, 41.338, 0],
		[24, "H1_10", 950, -650, "B", "DIP", "SW0", "", "C", 62.992, 62.992, 41.338, 41.338, 0],
		[25, "H1_11", 1050, -650, "T", "DIP", "NET_2", "", "C", 62.992, 62.992, 41.338, 41.338, 0],
		[26, "H1_11", 1050, -650, "B", "DIP", "NET_2", "", "C", 62.992, 62.992, 41.338, 41.338, 0],
		[27, "H2_1", 50, -50, "T", "DIP", "B+", "", "R", 62.992, 62.992, 41.338, 41.338, 0],
		[28, "H2_1", 50, -50, "B", "DIP", "B+", "", "R", 62.992, 62.992, 41.338, 41.338, 0],
		[29, "H2_2", 150, -50, "T", "DIP", "NET_3", "", "C", 62.992, 62.992, 41.338, 41.338, 0],
		[30, "H2_2", 150, -50, "B", "DIP", "NET_3", "", "C", 62.992, 62.992, 41.338, 41.338, 0],
		[31, "H2_3", 250, -50, "T", "DIP", "GND", "GND", "C", 62.992, 62.992, 41.338, 41.338, 0],
		[32, "H2_3", 250, -50, "B", "DIP", "GND", "GND", "C", 62.992, 62.992, 41.338, 41.338, 0],
		[33, "H2_4", 350, -50, "T", "DIP", "RST", "", "C", 62.992, 62.992, 41.338, 41.338, 0],
		[34, "H2_4", 350, -50, "B", "DIP", "RST", "", "C", 62.992, 62.992, 41.338, 41.338, 0],
		[35, "H2_5", 450, -50, "T", "DIP", "NET_4", "", "C", 62.992, 62.992, 41.338, 41.338, 0],
		[36, "H2_5", 450, -50, "B", "DIP", "NET_4", "", "C", 62.992, 62.992, 41.338, 41.338, 0],
		[37, "H2_6", 550, -50, "T", "DIP", "VCC", "", "C", 62.992, 62.992, 41.338, 41.338, 0],
		[38, "H2_6", 550, -50, "B", "DIP", "VCC", "", "C", 62.992, 62.992, 41.338, 41.338, 0],
		[39, "H2_7", 650, -50, "T", "DIP", "NET_5", "", "C", 62.992, 62.992, 41.338, 41.338, 0],
		[40, "H2_7", 650, -50, "B", "DIP", "NET_5", "", "C", 62.992, 62.992, 41.338, 41.338, 0],
		[41, "H2_8", 750, -50, "T", "DIP", "NET_6", "", "C", 62.992, 62.992, 41.338, 41.338, 0],
		[42, "H2_8", 750, -50, "B", "DIP", "NET_6", "", "C", 62.992, 62.992, 41.338, 41.338, 0],
		[43, "H2_9", 850, -50, "T", "DIP", "NET_7", "", "C", 62.992, 62.992, 41.338, 41.338, 0],
		[44, "H2_9", 850, -50, "B", "DIP", "NET_7", "", "C", 62.992, 62.992, 41.338, 41.338, 0],
		[45, "H2_10", 950, -50, "T", "DIP", "NET_8", "", "C", 62.992, 62.992, 41.338, 41.338, 0],
		[46, "H2_10", 950, -50, "B", "DIP", "NET_8", "", "C", 62.992, 62.992, 41.338, 41.338, 0],
		[47, "H2_11", 1050, -50, "T", "DIP", "NET_9", "", "C", 62.992, 62.992, 41.338, 41.338, 0],
		[48, "H2_11", 1050, -50, "B", "DIP", "NET_9", "", "C", 62.992, 62.992, 41.338, 41.338, 0],
		[49, "R1_1", 577.96, -315, "T", "SMD", "SCL", "", "R", 22.27, 21.26, 0, 0, 0],
		[50, "R1_2", 612.04, -315, "T", "SMD", "VCC", "", "R", 22.27, 21.26, 0, 0, 0],
		[51, "R2_1", 577.96, -250, "T", "SMD", "SDA", "", "R", 22.27, 21.26, 0, 0, 0],
		[52, "R2_2", 612.04, -250, "T", "SMD", "VCC", "", "R", 22.27, 21.26, 0, 0, 0],
		[53, "R3_1", 750, -517.04, "T", "SMD", "CSB", "", "R", 22.27, 21.26, 0, 0, 90],
		[54, "R3_2", 750, -482.96, "T", "SMD", "VCC", "", "R", 22.27, 21.26, 0, 0, 90],
		[55, "R4_1", 850, -517.04, "T", "SMD", "SDO", "", "R", 22.27, 21.26, 0, 0, 90],
		[56, "R4_2", 850, -482.96, "T", "SMD", "VCC", "", "R", 22.27, 21.26, 0, 0, 90],
		[57, "RST_1", 1010, -148.98, "T", "SMD", "RST", "", "R", 48.425, 53.543, 0, 0, 270],
		[58, "RST_2", 1010, -321.02, "T", "SMD", "GND", "GND", "R", 48.425, 53.543, 0, 0, 270],
		[59, "SW0_1", 1010, -551.02, "T", "SMD", "SW0", "", "R", 48.425, 53.543, 0, 0, 90],
		[60, "SW0_2", 1010, -378.98, "T", "SMD", "GND", "GND", "R", 48.425, 53.543, 0, 0, 90],
		[61, "U1_1", 700.315, -200.47, "T", "SMD", "SDO", "", "R", 26.575, 11.024, 0, 0, 0],
		[62, "U1_2", 700.315, -220.16, "T", "SMD", "SDX", "", "R", 26.575, 11.024, 0, 0, 0],
		[63, "U1_3", 700.315, -239.84, "T", "SMD", "SCX", "", "R", 26.575, 11.024, 0, 0, 0],
		[64, "U1_4", 700.315, -259.53, "T", "SMD", "INT1", "", "R", 26.575, 11.024, 0, 0, 0],
		[65, "U1_5", 730.315, -269.86, "T", "SMD", "VCC", "", "R", 11.024, 26.575, 0, 0, 0],
		[66, "U1_6", 749.995, -269.86, "T", "SMD", "GND", "GND", "R", 11.024, 26.575, 0, 0, 0],
		[67, "U1_7", 769.685, -269.86, "T", "SMD", "NET_10", "", "R", 11.024, 26.575, 0, 0, 0],
		[68, "U1_8", 799.685, -259.53, "T", "SMD", "VCC", "", "R", 26.575, 11.024, 0, 0, 0],
		[69, "U1_9", 799.685, -239.84, "T", "SMD", "CLK", "", "R", 26.575, 11.024, 0, 0, 0],
		[70, "U1_10", 799.685, -220.16, "T", "SMD", "OCS", "", "R", 26.575, 11.024, 0, 0, 0],
		[71, "U1_11", 799.685, -200.47, "T", "SMD", "OSDO", "", "R", 26.575, 11.024, 0, 0, 0],
		[72, "U1_12", 769.685, -190.14, "T", "SMD", "CSB", "", "R", 11.024, 26.575, 0, 0, 0],
		[73, "U1_13", 749.995, -190.14, "T", "SMD", "SCL", "", "R", 11.024, 26.575, 0, 0, 0],
		[74, "U1_14", 730.315, -190.14, "T", "SMD", "SDA", "", "R", 11.024, 26.575, 0, 0, 0],
		[75, "U2_1", 421.1, -433.58, "T", "SMD", "B-", "", "R", 27.559, 70.866, 0, 0, 90],
		[76, "U2_2", 421.1, -374.53, "T", "SMD", "B-_MCU", "", "R", 27.559, 70.866, 0, 0, 90],
		[77, "U2_3", 421.1, -256.42, "T", "SMD", "NET_11", "", "R", 27.559, 70.866, 0, 0, 90],
		[78, "U2_4", 308.9, -488.7, "T", "SMD", "GND", "GND", "R", 31.496, 39.37, 0, 0, 180],
		[79, "U2_4", 395.51, -488.7, "T", "SMD", "GND", "GND", "R", 31.496, 39.37, 0, 0, 180],
		[80, "U2_4", 395.51, -201.3, "T", "SMD", "GND", "GND", "R", 31.496, 39.37, 0, 0, 180],
		[81, "U2_4", 308.9, -201.3, "T", "SMD", "GND", "GND", "R", 31.496, 39.37, 0, 0, 180],
		[82, "U3_1", 466.5737, -155, "T", "SMD", "B+", "", "R", 62.9921, 47.2441, 0, 0, 0],
		[83, "U3_2", 588.6231, -155, "T", "SMD", "B-", "", "R", 62.9921, 47.2441, 0, 0, 0],
		[84, "X1_1", 606.5, -513.31, "T", "SMD", "CLK_EN", "", "R", 55.118, 47.244, 0, 0, 90],
		[85, "X1_2", 606.5, -426.69, "T", "SMD", "GND", "GND", "R", 55.118, 47.244, 0, 0, 90],
		[86, "X1_3", 543.5, -426.69, "T", "SMD", "CLK", "", "R", 55.118, 47.244, 0, 0, 90],
		[87, "X1_4", 543.5, -513.31, "T", "SMD", "VCC", "", "R", 55.118, 47.244, 0, 0, 90],
		[88, "PAD1_2", 856.46, -340, "T", "SMD", "VCC", "", "R", 31.106, 21.26, 0, 0, 0],
		[89, "PAD2_1", 813.54, -340, "T", "SMD", "GND", "GND", "R", 31.106, 21.26, 0, 0, 0],
		[90, "PAD3_2", 708.54, -340, "T", "SMD", "VCC", "", "R", 31.106, 21.26, 0, 0, 180],
		[91, "PAD4_1", 751.46, -340, "T", "SMD", "GND", "GND", "R", 31.106, 21.26, 0, 0, 180],
		[92, "PAD5_1", 50, -650, "T", "DIP", "B-_MCU", "", "R", 62.992, 62.992, 41.338, 41.338, 0],
		[93, "PAD5_1", 50, -650, "B", "DIP", "B-_MCU", "", "R", 62.992, 62.992, 41.338, 41.338, 0],
		[94, "PAD6_2", 150, -650, "T", "DIP", "SDA", "", "C", 62.992, 62.992, 41.338, 41.338, 0],
		[95, "PAD6_2", 150, -650, "B", "DIP", "SDA", "", "C", 62.992, 62.992, 41.338, 41.338, 0],
		[96, "PAD7_3", 250, -650, "T", "DIP", "SCL", "", "C", 62.992, 62.992, 41.338, 41.338, 0],
		[97, "PAD7_3", 250, -650, "B", "DIP", "SCL", "", "C", 62.992, 62.992, 41.338, 41.338, 0],
		[98, "PAD8_4", 350, -650, "T", "DIP", "GND", "GND", "C", 62.992, 62.992, 41.338, 41.338, 0],
		[99, "PAD8_4", 350, -650, "B", "DIP", "GND", "GND", "C", 62.992, 62.992, 41.338, 41.338, 0],
		[100, "PAD9_6", 550, -650, "T", "DIP", "INT1", "", "C", 62.992, 62.992, 41.338, 41.338, 0],
		[101, "PAD9_6", 550, -650, "B", "DIP", "INT1", "", "C", 62.992, 62.992, 41.338, 41.338, 0],
		[102, "PAD10_7", 650, -650, "T", "DIP", "CLK_EN", "", "C", 62.992, 62.992, 41.338, 41.338, 0],
		[103, "PAD10_7", 650, -650, "B", "DIP", "CLK_EN", "", "C", 62.992, 62.992, 41.338, 41.338, 0],
		[104, "PAD11_8", 750, -650, "T", "DIP", "CSB", "", "C", 62.992, 62.992, 41.338, 41.338, 0],
		[105, "PAD11_8", 750, -650, "B", "DIP", "CSB", "", "C", 62.992, 62.992, 41.338, 41.338, 0],
		[106, "PAD12_9", 850, -650, "T", "DIP", "SDO", "", "C", 62.992, 62.992, 41.338, 41.338, 0],
		[107, "PAD12_9", 850, -650, "B", "DIP", "SDO", "", "C", 62.992, 62.992, 41.338, 41.338, 0],
		[108, "PAD13_10", 950, -650, "T", "DIP", "SW0", "", "C", 62.992, 62.992, 41.338, 41.338, 0],
		[109, "PAD13_10", 950, -650, "B", "DIP", "SW0", "", "C", 62.992, 62.992, 41.338, 41.338, 0],
		[110, "PAD14_1", 700.315, -200.47, "T", "SMD", "SDO", "", "R", 26.575, 11.024, 0, 0, 0],
		[111, "PAD15_2", 700.315, -220.16, "T", "SMD", "SDX", "", "R", 26.575, 11.024, 0, 0, 0],
		[112, "PAD16_3", 700.315, -239.84, "T", "SMD", "SCX", "", "R", 26.575, 11.024, 0, 0, 0],
		[113, "PAD17_4", 700.315, -259.53, "T", "SMD", "INT1", "", "R", 26.575, 11.024, 0, 0, 0],
		[114, "PAD18_5", 730.315, -269.86, "T", "SMD", "VCC", "", "R", 11.024, 26.575, 0, 0, 0],
		[115, "PAD19_6", 749.995, -269.86, "T", "SMD", "GND", "GND", "R", 11.024, 26.575, 0, 0, 0],
		[116, "PAD20_8", 799.685, -259.53, "T", "SMD", "VCC", "", "R", 26.575, 11.024, 0, 0, 0],
		[117, "PAD21_9", 799.685, -239.84, "T", "SMD", "CLK", "", "R", 26.575, 11.024, 0, 0, 0],
		[118, "PAD22_10", 799.685, -220.16, "T", "SMD", "OCS", "", "R", 26.575, 11.024, 0, 0, 0],
		[119, "PAD23_11", 799.685, -200.47, "T", "SMD", "OSDO", "", "R", 26.575, 11.024, 0, 0, 0],
		[120, "PAD24_12", 769.685, -190.14, "T", "SMD", "CSB", "", "R", 11.024, 26.575, 0, 0, 0],
		[121, "PAD25_13", 749.995, -190.14, "T", "SMD", "SCL", "", "R", 11.024, 26.575, 0, 0, 0],
		[122, "PAD26_14", 730.315, -190.14, "T", "SMD", "SDA", "", "R", 11.024, 26.575, 0, 0, 0],
		[123, "PAD27_4", 543.5, -513.31, "T", "SMD", "VCC", "", "R", 55.118, 47.244, 0, 0, 90],
		[124, "PAD28_3", 543.5, -426.69, "T", "SMD", "CLK", "", "R", 55.118, 47.244, 0, 0, 90],
		[125, "PAD29_1", 606.5, -513.31, "T", "SMD", "CLK_EN", "", "R", 55.118, 47.244, 0, 0, 90],
		[126, "PAD30_2", 606.5, -426.69, "T", "SMD", "GND", "GND", "R", 55.118, 47.244, 0, 0, 90],
		[127, "PAD31_1", 50, -50, "T", "DIP", "B+", "", "R", 62.992, 62.992, 41.338, 41.338, 0],
		[128, "PAD31_1", 50, -50, "B", "DIP", "B+", "", "R", 62.992, 62.992, 41.338, 41.338, 0],
		[129, "PAD32_3", 250, -50, "T", "DIP", "GND", "GND", "C", 62.992, 62.992, 41.338, 41.338, 0],
		[130, "PAD32_3", 250, -50, "B", "DIP", "GND", "GND", "C", 62.992, 62.992, 41.338, 41.338, 0],
		[131, "PAD33_4", 350, -50, "T", "DIP", "RST", "", "C", 62.992, 62.992, 41.338, 41.338, 0],
		[132, "PAD33_4", 350, -50, "B", "DIP", "RST", "", "C", 62.992, 62.992, 41.338, 41.338, 0],
		[133, "PAD34_6", 550, -50, "T", "DIP", "VCC", "", "C", 62.992, 62.992, 41.338, 41.338, 0],
		[134, "PAD34_6", 550, -50, "B", "DIP", "VCC", "", "C", 62.992, 62.992, 41.338, 41.338, 0],
		[135, "PAD35_1", 1010, -148.98, "T", "SMD", "RST", "", "R", 48.425, 53.543, 0, 0, 270],
		[136, "PAD36_2", 1010, -321.02, "T", "SMD", "GND", "GND", "R", 48.425, 53.543, 0, 0, 270],
		[137, "PAD37_1", 1010, -551.02, "T", "SMD", "SW0", "", "R", 48.425, 53.543, 0, 0, 90],
		[138, "PAD38_2", 1010, -378.98, "T", "SMD", "GND", "GND", "R", 48.425, 53.543, 0, 0, 90],
		[139, "PAD39_2", 421.1, -374.53, "T", "SMD", "B-_MCU", "", "R", 27.559, 70.866, 0, 0, 90],
		[140, "PAD40_1", 421.1, -433.58, "T", "SMD", "B-", "", "R", 27.559, 70.866, 0, 0, 90],
		[141, "PAD41_4", 308.9, -488.7, "T", "SMD", "GND", "GND", "R", 31.496, 39.37, 0, 0, 180],
		[142, "PAD42_4", 395.51, -488.7, "T", "SMD", "GND", "GND", "R", 31.496, 39.37, 0, 0, 180],
		[143, "PAD43_4", 395.51, -201.3, "T", "SMD", "GND", "GND", "R", 31.496, 39.37, 0, 0, 180],
		[144, "PAD44_4", 308.9, -201.3, "T", "SMD", "GND", "GND", "R", 31.496, 39.37, 0, 0, 180],
		[145, "PAD45_1", 466.5737, -155, "T", "SMD", "B+", "", "R", 62.9921, 47.2441, 0, 0, 0],
		[146, "PAD46_2", 588.6231, -155, "T", "SMD", "B-", "", "R", 62.9921, 47.2441, 0, 0, 0],
		[147, "PAD47_2", 612.04, -315, "T", "SMD", "VCC", "", "R", 22.27, 21.26, 0, 0, 0],
		[148, "PAD48_1", 577.96, -315, "T", "SMD", "SCL", "", "R", 22.27, 21.26, 0, 0, 0],
		[149, "PAD49_2", 612.04, -250, "T", "SMD", "VCC", "", "R", 22.27, 21.26, 0, 0, 0],
		[150, "PAD50_1", 577.96, -250, "T", "SMD", "SDA", "", "R", 22.27, 21.26, 0, 0, 0],
		[151, "PAD51_2", 750, -482.96, "T", "SMD", "VCC", "", "R", 22.27, 21.26, 0, 0, 90],
		[152, "PAD52_1", 750, -517.04, "T", "SMD", "CSB", "", "R", 22.27, 21.26, 0, 0, 90],
		[153, "PAD53_2", 850, -482.96, "T", "SMD", "VCC", "", "R", 22.27, 21.26, 0, 0, 90],
		[154, "PAD54_1", 850, -517.04, "T", "SMD", "SDO", "", "R", 22.27, 21.26, 0, 0, 90]
	]
}
}